{"cameraMode":{"drawMode":0,"name":"Shaded","section":"Shading Mode"},"sceneLighting":true,"audioPlay":false,"sceneViewState":{"showFog":true,"showMaterialUpdate":false,"showSkybox":true,"showFlares":true,"showImageEffects":true,"showParticleSystems":true},"in2DMode":false,"pivot":{"x":10.639676094055176,"y":-8.239314079284668,"z":1.9177157878875733},"rotation":{"x":0.35969769954681399,"y":0.48893705010414126,"z":-0.2313176542520523,"w":0.7602982521057129},"size":34.198951721191409,"orthographic":false}